"id";"scope";"strategy";"identity";"attempt";"success";"failure_reason";"user_type";"user_id";"context";"ip";"user_agent";"referrer";"city";"region";"country";"latitude";"longitude";"created_at";"warnlisted_ip_id"
342914;user;database_authenticatable;"25682_1";0;true;;User;2557;api/v3/overrides/sessions#create;"200.225.113.70";Dart/3.2 (dart:io);https://oruspay.ib.cashway.io/api/v3/auth/sign_in;Florianópolis;Santa Catarina;Brazil;-27.6027;-48.5541;2024-09-04 21:05:24.925;
342915;user;token;"25682_1";0;true;;User;2557;api/v3/overrides/sessions#create;"200.225.113.70";Dart/3.2 (dart:io);https://oruspay.ib.cashway.io/api/v3/auth/sign_in;Florianópolis;Santa Catarina;Brazil;-27.6027;-48.5541;2024-09-04 21:05:24.950;
356507;user;database_authenticatable;"25682_1";0;true;;User;2557;api/v3/overrides/sessions#create;"200.225.113.59";Dart/3.2 (dart:io);https://oruspay.ib.cashway.io/api/v3/auth/sign_in;Florianópolis;Santa Catarina;Brazil;-27.6027;-48.5541;2024-09-23 22:44:32.065;
356508;user;token;"25682_1";0;true;;User;2557;api/v3/overrides/sessions#create;"200.225.113.59";Dart/3.2 (dart:io);https://oruspay.ib.cashway.io/api/v3/auth/sign_in;Florianópolis;Santa Catarina;Brazil;-27.6027;-48.5541;2024-09-23 22:44:32.094;
358185;user;database_authenticatable;"25682_1";0;true;;User;2557;api/v3/overrides/sessions#create;"187.49.235.154";Dart/3.2 (dart:io);https://oruspay.ib.cashway.io/api/v3/auth/sign_in;Florianópolis;Santa Catarina;Brazil;-27.6147;-48.4976;2024-09-25 17:43:04.838;
358186;user;token;"25682_1";0;true;;User;2557;api/v3/overrides/sessions#create;"187.49.235.154";Dart/3.2 (dart:io);https://oruspay.ib.cashway.io/api/v3/auth/sign_in;Florianópolis;Santa Catarina;Brazil;-27.6147;-48.4976;2024-09-25 17:43:04.862;
358810;user;database_authenticatable;"25682_1";0;true;;User;2557;api/v3/overrides/sessions#create;"187.49.235.154";"Mozilla/5.0 (X11; Linux x86_64) AppleWebKit/537.36 (KHTML, like Gecko) Chrome/126.0.0.0 Safari/537.36";https://oruspay.ib-front.cashway.io/;Florianópolis;Santa Catarina;Brazil;-27.6147;-48.4976;2024-09-26 14:29:44.341;
358811;user;token;"25682_1";0;true;;User;2557;api/v3/overrides/sessions#create;"187.49.235.154";"Mozilla/5.0 (X11; Linux x86_64) AppleWebKit/537.36 (KHTML, like Gecko) Chrome/126.0.0.0 Safari/537.36";https://oruspay.ib-front.cashway.io/;Florianópolis;Santa Catarina;Brazil;-27.6147;-48.4976;2024-09-26 14:29:44.367;
358820;user;database_authenticatable;"25682_1";0;true;;User;2557;api/v3/overrides/sessions#create;"187.49.235.154";"Mozilla/5.0 (X11; Linux x86_64) AppleWebKit/537.36 (KHTML, like Gecko) Chrome/126.0.0.0 Safari/537.36";https://oruspay.ib-front.cashway.io/;Florianópolis;Santa Catarina;Brazil;-27.6147;-48.4976;2024-09-26 14:36:44.213;
358821;user;token;"25682_1";0;true;;User;2557;api/v3/overrides/sessions#create;"187.49.235.154";"Mozilla/5.0 (X11; Linux x86_64) AppleWebKit/537.36 (KHTML, like Gecko) Chrome/126.0.0.0 Safari/537.36";https://oruspay.ib-front.cashway.io/;Florianópolis;Santa Catarina;Brazil;-27.6147;-48.4976;2024-09-26 14:36:44.267;
358824;user;database_authenticatable;"25682_1";0;true;;User;2557;api/v3/overrides/sessions#create;"187.49.235.154";"Mozilla/5.0 (X11; Linux x86_64) AppleWebKit/537.36 (KHTML, like Gecko) Chrome/126.0.0.0 Safari/537.36";https://oruspay.ib-front.cashway.io/;Florianópolis;Santa Catarina;Brazil;-27.6147;-48.4976;2024-09-26 14:39:38.687;
358825;user;token;"25682_1";0;true;;User;2557;api/v3/overrides/sessions#create;"187.49.235.154";"Mozilla/5.0 (X11; Linux x86_64) AppleWebKit/537.36 (KHTML, like Gecko) Chrome/126.0.0.0 Safari/537.36";https://oruspay.ib-front.cashway.io/;Florianópolis;Santa Catarina;Brazil;-27.6147;-48.4976;2024-09-26 14:39:38.739;
359600;user;database_authenticatable;"25682_1";0;true;;User;2557;api/v3/overrides/sessions#create;"187.49.235.154";"Mozilla/5.0 (X11; Linux x86_64) AppleWebKit/537.36 (KHTML, like Gecko) Chrome/126.0.0.0 Safari/537.36";https://oruspay.ib-front.cashway.io/;Florianópolis;Santa Catarina;Brazil;-27.6147;-48.4976;2024-09-27 12:48:30.495;
359601;user;token;"25682_1";0;true;;User;2557;api/v3/overrides/sessions#create;"187.49.235.154";"Mozilla/5.0 (X11; Linux x86_64) AppleWebKit/537.36 (KHTML, like Gecko) Chrome/126.0.0.0 Safari/537.36";https://oruspay.ib-front.cashway.io/;Florianópolis;Santa Catarina;Brazil;-27.6147;-48.4976;2024-09-27 12:48:30.523;
359628;user;database_authenticatable;"25682_1";0;true;;User;2557;api/v3/overrides/sessions#create;"187.49.235.154";"Mozilla/5.0 (X11; Linux x86_64) AppleWebKit/537.36 (KHTML, like Gecko) Chrome/126.0.0.0 Safari/537.36";https://oruspay.ib-front.cashway.io/;Florianópolis;Santa Catarina;Brazil;-27.6147;-48.4976;2024-09-27 13:19:14.659;
359629;user;token;"25682_1";0;true;;User;2557;api/v3/overrides/sessions#create;"187.49.235.154";"Mozilla/5.0 (X11; Linux x86_64) AppleWebKit/537.36 (KHTML, like Gecko) Chrome/126.0.0.0 Safari/537.36";https://oruspay.ib-front.cashway.io/;Florianópolis;Santa Catarina;Brazil;-27.6147;-48.4976;2024-09-27 13:19:14.716;
359693;user;database_authenticatable;"25682_1";0;true;;User;2557;api/v3/overrides/sessions#create;"187.49.235.154";"Mozilla/5.0 (X11; Linux x86_64) AppleWebKit/537.36 (KHTML, like Gecko) Chrome/126.0.0.0 Safari/537.36";https://oruspay.ib-front.cashway.io/;Florianópolis;Santa Catarina;Brazil;-27.6147;-48.4976;2024-09-27 14:08:05.692;
359694;user;token;"25682_1";0;true;;User;2557;api/v3/overrides/sessions#create;"187.49.235.154";"Mozilla/5.0 (X11; Linux x86_64) AppleWebKit/537.36 (KHTML, like Gecko) Chrome/126.0.0.0 Safari/537.36";https://oruspay.ib-front.cashway.io/;Florianópolis;Santa Catarina;Brazil;-27.6147;-48.4976;2024-09-27 14:08:05.715;
360785;user;database_authenticatable;"25682_1";0;true;;User;2557;api/v3/overrides/sessions#create;"200.225.113.57";Dart/3.2 (dart:io);https://oruspay.ib.cashway.io/api/v3/auth/sign_in;Florianópolis;Santa Catarina;Brazil;-27.6027;-48.5541;2024-09-28 14:52:39.573;
360786;user;token;"25682_1";0;true;;User;2557;api/v3/overrides/sessions#create;"200.225.113.57";Dart/3.2 (dart:io);https://oruspay.ib.cashway.io/api/v3/auth/sign_in;Florianópolis;Santa Catarina;Brazil;-27.6027;-48.5541;2024-09-28 14:52:39.592;
394978;user;database_authenticatable;"25682_1";1;true;;User;2557;api/v3/overrides/sessions#create;"187.49.235.154";Dart/3.2 (dart:io);https://oruspay.ib.cashway.io/api/v3/auth/sign_in;Florianópolis;Santa Catarina;Brazil;-27.6147;-48.4976;2024-11-01 22:40:45.045;
394979;user;token;"25682_1";0;true;;User;2557;api/v3/overrides/sessions#create;"187.49.235.154";Dart/3.2 (dart:io);https://oruspay.ib.cashway.io/api/v3/auth/sign_in;Florianópolis;Santa Catarina;Brazil;-27.6147;-48.4976;2024-11-01 22:40:45.150;
395040;user;database_authenticatable;"25682_1";0;true;;User;2557;api/v3/overrides/sessions#create;"187.49.235.154";Dart/3.2 (dart:io);https://oruspay.ib.cashway.io/api/v3/auth/sign_in;Florianópolis;Santa Catarina;Brazil;-27.6147;-48.4976;2024-11-01 22:49:23.944;
395041;user;token;"25682_1";0;true;;User;2557;api/v3/overrides/sessions#create;"187.49.235.154";Dart/3.2 (dart:io);https://oruspay.ib.cashway.io/api/v3/auth/sign_in;Florianópolis;Santa Catarina;Brazil;-27.6147;-48.4976;2024-11-01 22:49:24.041;
395084;user;database_authenticatable;"25682_1";0;true;;User;2557;api/v3/overrides/sessions#create;"187.49.235.154";Dart/3.2 (dart:io);https://oruspay.ib.cashway.io/api/v3/auth/sign_in;Florianópolis;Santa Catarina;Brazil;-27.6147;-48.4976;2024-11-01 22:56:25.166;
395085;user;token;"25682_1";0;true;;User;2557;api/v3/overrides/sessions#create;"187.49.235.154";Dart/3.2 (dart:io);https://oruspay.ib.cashway.io/api/v3/auth/sign_in;Florianópolis;Santa Catarina;Brazil;-27.6147;-48.4976;2024-11-01 22:56:25.189;
395380;user;database_authenticatable;"25682_1";0;true;;User;2557;api/v3/overrides/sessions#create;"187.49.235.154";Dart/3.2 (dart:io);https://oruspay.ib.cashway.io/api/v3/auth/sign_in;Florianópolis;Santa Catarina;Brazil;-27.6147;-48.4976;2024-11-02 00:12:16.807;
395381;user;token;"25682_1";0;true;;User;2557;api/v3/overrides/sessions#create;"187.49.235.154";Dart/3.2 (dart:io);https://oruspay.ib.cashway.io/api/v3/auth/sign_in;Florianópolis;Santa Catarina;Brazil;-27.6147;-48.4976;2024-11-02 00:12:16.829;
395538;user;database_authenticatable;"25682_1";0;true;;User;2557;api/v3/overrides/sessions#create;"187.49.235.154";Dart/3.2 (dart:io);https://oruspay.ib.cashway.io/api/v3/auth/sign_in;Florianópolis;Santa Catarina;Brazil;-27.6147;-48.4976;2024-11-02 01:10:46.163;
395539;user;token;"25682_1";0;true;;User;2557;api/v3/overrides/sessions#create;"187.49.235.154";Dart/3.2 (dart:io);https://oruspay.ib.cashway.io/api/v3/auth/sign_in;Florianópolis;Santa Catarina;Brazil;-27.6147;-48.4976;2024-11-02 01:10:46.188;
395551;user;database_authenticatable;"25682_1";0;true;;User;2557;api/v3/overrides/sessions#create;"189.4.105.214";"Mozilla/5.0 (X11; Linux x86_64) AppleWebKit/537.36 (KHTML, like Gecko) Chrome/130.0.0.0 Safari/537.36";https://oruspay.ib-front.cashway.io/;Sao Jose;Santa Catarina;Brazil;-27.6157;-48.6235;2024-11-02 01:27:53.167;
395552;user;token;"25682_1";0;true;;User;2557;api/v3/overrides/sessions#create;"189.4.105.214";"Mozilla/5.0 (X11; Linux x86_64) AppleWebKit/537.36 (KHTML, like Gecko) Chrome/130.0.0.0 Safari/537.36";https://oruspay.ib-front.cashway.io/;Sao Jose;Santa Catarina;Brazil;-27.6157;-48.6235;2024-11-02 01:27:53.188;
395582;user;database_authenticatable;"25682_1";0;true;;User;2557;api/v3/overrides/sessions#create;"187.49.235.154";Dart/3.2 (dart:io);https://oruspay.ib.cashway.io/api/v3/auth/sign_in;Florianópolis;Santa Catarina;Brazil;-27.6147;-48.4976;2024-11-02 02:03:51.331;
395583;user;token;"25682_1";0;true;;User;2557;api/v3/overrides/sessions#create;"187.49.235.154";Dart/3.2 (dart:io);https://oruspay.ib.cashway.io/api/v3/auth/sign_in;Florianópolis;Santa Catarina;Brazil;-27.6147;-48.4976;2024-11-02 02:03:51.354;
396981;user;database_authenticatable;"25682_1";0;true;;User;2557;api/v3/overrides/sessions#create;"172.19.103.245";"Mozilla/5.0 (Macintosh; Intel Mac OS X 10_15_7) AppleWebKit/605.1.15 (KHTML, like Gecko) Version/18.0.1 Safari/605.1.15";https://oruspay.cashway.io/;;;;0.0;0.0;2024-11-03 02:41:59.217;
396982;user;token;"25682_1";0;true;;User;2557;api/v3/overrides/sessions#create;"172.19.103.245";"Mozilla/5.0 (Macintosh; Intel Mac OS X 10_15_7) AppleWebKit/605.1.15 (KHTML, like Gecko) Version/18.0.1 Safari/605.1.15";https://oruspay.cashway.io/;;;;0.0;0.0;2024-11-03 02:41:59.290;
397013;user;database_authenticatable;"25682_1";0;true;;User;2557;api/v3/overrides/sessions#create;"172.19.101.173";"Mozilla/5.0 (Macintosh; Intel Mac OS X 10_15_7) AppleWebKit/605.1.15 (KHTML, like Gecko) Version/18.0.1 Safari/605.1.15";https://oruspay.cashway.io/;;;;0.0;0.0;2024-11-03 02:59:56.229;
397014;user;token;"25682_1";0;true;;User;2557;api/v3/overrides/sessions#create;"172.19.101.173";"Mozilla/5.0 (Macintosh; Intel Mac OS X 10_15_7) AppleWebKit/605.1.15 (KHTML, like Gecko) Version/18.0.1 Safari/605.1.15";https://oruspay.cashway.io/;;;;0.0;0.0;2024-11-03 02:59:56.353;
397046;user;database_authenticatable;"25682_1";0;true;;User;2557;api/v3/overrides/sessions#create;"172.19.101.173";"Mozilla/5.0 (Macintosh; Intel Mac OS X 10_15_7) AppleWebKit/605.1.15 (KHTML, like Gecko) Version/18.0.1 Safari/605.1.15";https://oruspay.cashway.io/;;;;0.0;0.0;2024-11-03 03:11:35.489;
397047;user;token;"25682_1";0;true;;User;2557;api/v3/overrides/sessions#create;"172.19.101.173";"Mozilla/5.0 (Macintosh; Intel Mac OS X 10_15_7) AppleWebKit/605.1.15 (KHTML, like Gecko) Version/18.0.1 Safari/605.1.15";https://oruspay.cashway.io/;;;;0.0;0.0;2024-11-03 03:11:35.595;
397048;user;database_authenticatable;"25682_1";0;true;;User;2557;api/v3/overrides/sessions#create;"172.19.103.245";"Mozilla/5.0 (Macintosh; Intel Mac OS X 10_15_7) AppleWebKit/605.1.15 (KHTML, like Gecko) Version/18.0.1 Safari/605.1.15";https://oruspay.cashway.io/;;;;0.0;0.0;2024-11-03 03:13:52.064;
397049;user;token;"25682_1";0;true;;User;2557;api/v3/overrides/sessions#create;"172.19.103.245";"Mozilla/5.0 (Macintosh; Intel Mac OS X 10_15_7) AppleWebKit/605.1.15 (KHTML, like Gecko) Version/18.0.1 Safari/605.1.15";https://oruspay.cashway.io/;;;;0.0;0.0;2024-11-03 03:13:52.094;
397050;user;database_authenticatable;"25682_1";0;true;;User;2557;api/v3/overrides/sessions#create;"172.19.101.173";"Mozilla/5.0 (Macintosh; Intel Mac OS X 10_15_7) AppleWebKit/605.1.15 (KHTML, like Gecko) Version/18.0.1 Safari/605.1.15";https://oruspay.cashway.io/;;;;0.0;0.0;2024-11-03 03:43:47.994;
397051;user;token;"25682_1";0;true;;User;2557;api/v3/overrides/sessions#create;"172.19.101.173";"Mozilla/5.0 (Macintosh; Intel Mac OS X 10_15_7) AppleWebKit/605.1.15 (KHTML, like Gecko) Version/18.0.1 Safari/605.1.15";https://oruspay.cashway.io/;;;;0.0;0.0;2024-11-03 03:43:48.057;
397052;user;database_authenticatable;"25682_1";0;true;;User;2557;api/v3/overrides/sessions#create;"172.19.101.173";"Mozilla/5.0 (Macintosh; Intel Mac OS X 10_15_7) AppleWebKit/605.1.15 (KHTML, like Gecko) Version/18.0.1 Safari/605.1.15";https://oruspay.cashway.io/;;;;0.0;0.0;2024-11-03 04:18:54.640;
397053;user;token;"25682_1";0;true;;User;2557;api/v3/overrides/sessions#create;"172.19.101.173";"Mozilla/5.0 (Macintosh; Intel Mac OS X 10_15_7) AppleWebKit/605.1.15 (KHTML, like Gecko) Version/18.0.1 Safari/605.1.15";https://oruspay.cashway.io/;;;;0.0;0.0;2024-11-03 04:18:54.725;
397054;user;database_authenticatable;"25682_1";0;true;;User;2557;api/v3/overrides/sessions#create;"172.19.103.245";"Mozilla/5.0 (Macintosh; Intel Mac OS X 10_15_7) AppleWebKit/605.1.15 (KHTML, like Gecko) Version/18.0.1 Safari/605.1.15";https://oruspay.cashway.io/;;;;0.0;0.0;2024-11-03 04:25:15.064;
397055;user;token;"25682_1";0;true;;User;2557;api/v3/overrides/sessions#create;"172.19.103.245";"Mozilla/5.0 (Macintosh; Intel Mac OS X 10_15_7) AppleWebKit/605.1.15 (KHTML, like Gecko) Version/18.0.1 Safari/605.1.15";https://oruspay.cashway.io/;;;;0.0;0.0;2024-11-03 04:25:15.165;
397058;user;token;"25682_1";0;true;;User;2557;api/v3/overrides/sessions#create;"172.19.103.245";"Mozilla/5.0 (Macintosh; Intel Mac OS X 10_15_7) AppleWebKit/605.1.15 (KHTML, like Gecko) Version/18.0.1 Safari/605.1.15";https://oruspay.cashway.io/;;;;0.0;0.0;2024-11-03 04:36:57.481;
397059;user;database_authenticatable;"25682_1";0;true;;User;2557;api/v3/overrides/sessions#create;"172.19.103.245";"Mozilla/5.0 (Macintosh; Intel Mac OS X 10_15_7) AppleWebKit/605.1.15 (KHTML, like Gecko) Version/18.0.1 Safari/605.1.15";https://oruspay.cashway.io/;;;;0.0;0.0;2024-11-03 04:41:16.365;
397060;user;token;"25682_1";0;true;;User;2557;api/v3/overrides/sessions#create;"172.19.103.245";"Mozilla/5.0 (Macintosh; Intel Mac OS X 10_15_7) AppleWebKit/605.1.15 (KHTML, like Gecko) Version/18.0.1 Safari/605.1.15";https://oruspay.cashway.io/;;;;0.0;0.0;2024-11-03 04:41:16.435;
397103;user;database_authenticatable;"25682_1";0;true;;User;2557;api/v3/overrides/sessions#create;"172.19.102.80";Dart/3.2 (dart:io);https://oruspay-banking-api.cashway.io/api/v3/auth/sign_in;;;;0.0;0.0;2024-11-03 18:20:14.273;
397104;user;token;"25682_1";0;true;;User;2557;api/v3/overrides/sessions#create;"172.19.102.80";Dart/3.2 (dart:io);https://oruspay-banking-api.cashway.io/api/v3/auth/sign_in;;;;0.0;0.0;2024-11-03 18:20:14.303;
397118;user;database_authenticatable;"25682_1";0;true;;User;2557;api/v3/overrides/sessions#create;"172.19.103.245";Dart/3.2 (dart:io);https://oruspay-banking-api.cashway.io/api/v3/auth/sign_in;;;;0.0;0.0;2024-11-03 18:46:49.194;
397119;user;token;"25682_1";0;true;;User;2557;api/v3/overrides/sessions#create;"172.19.103.245";Dart/3.2 (dart:io);https://oruspay-banking-api.cashway.io/api/v3/auth/sign_in;;;;0.0;0.0;2024-11-03 18:46:49.232;
397120;user;database_authenticatable;"25682_1";0;true;;User;2557;api/v3/overrides/sessions#create;"172.19.102.80";Dart/3.2 (dart:io);https://oruspay-banking-api.cashway.io/api/v3/auth/sign_in;;;;0.0;0.0;2024-11-03 18:47:37.151;
397121;user;token;"25682_1";0;true;;User;2557;api/v3/overrides/sessions#create;"172.19.102.80";Dart/3.2 (dart:io);https://oruspay-banking-api.cashway.io/api/v3/auth/sign_in;;;;0.0;0.0;2024-11-03 18:47:37.219;
397122;user;database_authenticatable;"25682_1";0;true;;User;2557;api/v3/overrides/sessions#create;"172.19.103.245";Dart/3.2 (dart:io);https://oruspay-banking-api.cashway.io/api/v3/auth/sign_in;;;;0.0;0.0;2024-11-03 18:47:55.292;
397123;user;token;"25682_1";0;true;;User;2557;api/v3/overrides/sessions#create;"172.19.103.245";Dart/3.2 (dart:io);https://oruspay-banking-api.cashway.io/api/v3/auth/sign_in;;;;0.0;0.0;2024-11-03 18:47:55.335;
397151;user;database_authenticatable;"25682_1";0;true;;User;2557;api/v3/overrides/sessions#create;"172.19.103.245";Dart/3.2 (dart:io);https://oruspay-banking-api.cashway.io/api/v3/auth/sign_in;;;;0.0;0.0;2024-11-03 20:26:39.675;
397152;user;token;"25682_1";0;true;;User;2557;api/v3/overrides/sessions#create;"172.19.103.245";Dart/3.2 (dart:io);https://oruspay-banking-api.cashway.io/api/v3/auth/sign_in;;;;0.0;0.0;2024-11-03 20:26:39.715;
397153;user;database_authenticatable;"25682_1";0;true;;User;2557;api/v3/overrides/sessions#create;"172.19.101.173";Dart/3.2 (dart:io);https://oruspay-banking-api.cashway.io/api/v3/auth/sign_in;;;;0.0;0.0;2024-11-03 20:28:16.336;
397154;user;token;"25682_1";0;true;;User;2557;api/v3/overrides/sessions#create;"172.19.101.173";Dart/3.2 (dart:io);https://oruspay-banking-api.cashway.io/api/v3/auth/sign_in;;;;0.0;0.0;2024-11-03 20:28:16.384;
397162;user;database_authenticatable;"25682_1";0;true;;User;2557;api/v3/overrides/sessions#create;"172.19.102.80";Dart/3.2 (dart:io);https://oruspay-banking-api.cashway.io/api/v3/auth/sign_in;;;;0.0;0.0;2024-11-03 21:15:27.136;
397163;user;token;"25682_1";0;true;;User;2557;api/v3/overrides/sessions#create;"172.19.102.80";Dart/3.2 (dart:io);https://oruspay-banking-api.cashway.io/api/v3/auth/sign_in;;;;0.0;0.0;2024-11-03 21:15:27.172;
397164;user;database_authenticatable;"25682_1";0;true;;User;2557;api/v3/overrides/sessions#create;"172.19.103.245";Dart/3.2 (dart:io);https://oruspay-banking-api.cashway.io/api/v3/auth/sign_in;;;;0.0;0.0;2024-11-03 21:18:33.711;
397165;user;token;"25682_1";0;true;;User;2557;api/v3/overrides/sessions#create;"172.19.103.245";Dart/3.2 (dart:io);https://oruspay-banking-api.cashway.io/api/v3/auth/sign_in;;;;0.0;0.0;2024-11-03 21:18:33.754;
397218;user;database_authenticatable;"25682_1";0;true;;User;2557;api/v3/overrides/sessions#create;"172.19.101.173";Dart/3.2 (dart:io);https://oruspay-banking-api.cashway.io/api/v3/auth/sign_in;;;;0.0;0.0;2024-11-03 23:00:45.301;
397219;user;token;"25682_1";0;true;;User;2557;api/v3/overrides/sessions#create;"172.19.101.173";Dart/3.2 (dart:io);https://oruspay-banking-api.cashway.io/api/v3/auth/sign_in;;;;0.0;0.0;2024-11-03 23:00:45.369;
397220;user;database_authenticatable;"25682_1";0;true;;User;2557;api/v3/overrides/sessions#create;"172.19.103.245";Dart/3.2 (dart:io);https://oruspay-banking-api.cashway.io/api/v3/auth/sign_in;;;;0.0;0.0;2024-11-03 23:01:46.835;
397221;user;token;"25682_1";0;true;;User;2557;api/v3/overrides/sessions#create;"172.19.103.245";Dart/3.2 (dart:io);https://oruspay-banking-api.cashway.io/api/v3/auth/sign_in;;;;0.0;0.0;2024-11-03 23:01:46.865;
397230;user;database_authenticatable;"25682_1";0;true;;User;2557;api/v3/overrides/sessions#create;"172.19.101.173";"Mozilla/5.0 (Macintosh; Intel Mac OS X 10_15_7) AppleWebKit/605.1.15 (KHTML, like Gecko) Version/18.0.1 Safari/605.1.15";https://oruspay.cashway.io/;;;;0.0;0.0;2024-11-03 23:08:49.401;
397231;user;token;"25682_1";0;true;;User;2557;api/v3/overrides/sessions#create;"172.19.101.173";"Mozilla/5.0 (Macintosh; Intel Mac OS X 10_15_7) AppleWebKit/605.1.15 (KHTML, like Gecko) Version/18.0.1 Safari/605.1.15";https://oruspay.cashway.io/;;;;0.0;0.0;2024-11-03 23:08:49.434;
397232;user;database_authenticatable;"25682_1";0;true;;User;2557;api/v3/overrides/sessions#create;"172.19.102.80";Dart/3.2 (dart:io);https://oruspay-banking-api.cashway.io/api/v3/auth/sign_in;;;;0.0;0.0;2024-11-03 23:10:21.485;
397233;user;token;"25682_1";0;true;;User;2557;api/v3/overrides/sessions#create;"172.19.102.80";Dart/3.2 (dart:io);https://oruspay-banking-api.cashway.io/api/v3/auth/sign_in;;;;0.0;0.0;2024-11-03 23:10:21.517;
397239;user;database_authenticatable;"25682_1";0;true;;User;2557;api/v3/overrides/sessions#create;"172.19.101.173";"Mozilla/5.0 (Macintosh; Intel Mac OS X 10_15_7) AppleWebKit/605.1.15 (KHTML, like Gecko) Version/18.0.1 Safari/605.1.15";https://oruspay.cashway.io/;;;;0.0;0.0;2024-11-03 23:19:37.178;
397240;user;token;"25682_1";0;true;;User;2557;api/v3/overrides/sessions#create;"172.19.101.173";"Mozilla/5.0 (Macintosh; Intel Mac OS X 10_15_7) AppleWebKit/605.1.15 (KHTML, like Gecko) Version/18.0.1 Safari/605.1.15";https://oruspay.cashway.io/;;;;0.0;0.0;2024-11-03 23:19:37.220;
397245;user;database_authenticatable;"25682_1";0;true;;User;2557;api/v3/overrides/sessions#create;"172.19.102.80";Dart/3.2 (dart:io);https://oruspay-banking-api.cashway.io/api/v3/auth/sign_in;;;;0.0;0.0;2024-11-03 23:43:00.784;
397246;user;token;"25682_1";0;true;;User;2557;api/v3/overrides/sessions#create;"172.19.102.80";Dart/3.2 (dart:io);https://oruspay-banking-api.cashway.io/api/v3/auth/sign_in;;;;0.0;0.0;2024-11-03 23:43:00.844;
397247;user;database_authenticatable;"25682_1";0;true;;User;2557;api/v3/overrides/sessions#create;"172.19.102.80";"Mozilla/5.0 (Macintosh; Intel Mac OS X 10_15_7) AppleWebKit/537.36 (KHTML, like Gecko) Chrome/127.0.0.0 Safari/537.36 OPR/113.0.0.0";https://oruspay.cashway.io/;;;;;;2024-11-03 23:45:59.170;
397248;user;token;"25682_1";0;true;;User;2557;api/v3/overrides/sessions#create;"172.19.102.80";"Mozilla/5.0 (Macintosh; Intel Mac OS X 10_15_7) AppleWebKit/537.36 (KHTML, like Gecko) Chrome/127.0.0.0 Safari/537.36 OPR/113.0.0.0";https://oruspay.cashway.io/;;;;;;2024-11-03 23:45:59.205;
397249;user;database_authenticatable;"25682_1";0;true;;User;2557;api/v3/overrides/sessions#create;"172.19.101.173";Dart/3.2 (dart:io);https://oruspay-banking-api.cashway.io/api/v3/auth/sign_in;;;;;;2024-11-03 23:46:52.194;
397250;user;token;"25682_1";0;true;;User;2557;api/v3/overrides/sessions#create;"172.19.101.173";Dart/3.2 (dart:io);https://oruspay-banking-api.cashway.io/api/v3/auth/sign_in;;;;;;2024-11-03 23:46:52.233;
397253;user;database_authenticatable;"25682_1";0;true;;User;2557;api/v3/overrides/sessions#create;"172.19.101.173";Dart/3.2 (dart:io);https://oruspay-banking-api.cashway.io/api/v3/auth/sign_in;;;;;;2024-11-03 23:48:49.058;
397254;user;token;"25682_1";0;true;;User;2557;api/v3/overrides/sessions#create;"172.19.101.173";Dart/3.2 (dart:io);https://oruspay-banking-api.cashway.io/api/v3/auth/sign_in;;;;;;2024-11-03 23:48:49.101;
397261;user;database_authenticatable;"25682_1";0;true;;User;2557;api/v3/overrides/sessions#create;"172.19.102.80";Dart/3.2 (dart:io);https://oruspay-banking-api.cashway.io/api/v3/auth/sign_in;;;;0.0;0.0;2024-11-03 23:54:50.430;
397262;user;token;"25682_1";0;true;;User;2557;api/v3/overrides/sessions#create;"172.19.102.80";Dart/3.2 (dart:io);https://oruspay-banking-api.cashway.io/api/v3/auth/sign_in;;;;0.0;0.0;2024-11-03 23:54:50.468;
397263;user;database_authenticatable;"25682_1";0;true;;User;2557;api/v3/overrides/sessions#create;"172.19.102.80";"Mozilla/5.0 (Macintosh; Intel Mac OS X 10_15_7) AppleWebKit/537.36 (KHTML, like Gecko) Chrome/127.0.0.0 Safari/537.36 OPR/113.0.0.0";https://oruspay.cashway.io/;;;;0.0;0.0;2024-11-03 23:55:07.306;
397264;user;token;"25682_1";0;true;;User;2557;api/v3/overrides/sessions#create;"172.19.102.80";"Mozilla/5.0 (Macintosh; Intel Mac OS X 10_15_7) AppleWebKit/537.36 (KHTML, like Gecko) Chrome/127.0.0.0 Safari/537.36 OPR/113.0.0.0";https://oruspay.cashway.io/;;;;0.0;0.0;2024-11-03 23:55:07.337;
397276;user;token;"25682_1";0;true;;User;2557;api/v3/overrides/sessions#create;"172.19.102.80";Dart/3.2 (dart:io);https://oruspay-banking-api.cashway.io/api/v3/auth/sign_in;;;;0.0;0.0;2024-11-04 00:02:19.593;
397305;user;token;"25682_1";0;true;;User;2557;api/v3/overrides/sessions#create;"172.19.103.245";Dart/3.2 (dart:io);https://oruspay-banking-api.cashway.io/api/v3/auth/sign_in;;;;0.0;0.0;2024-11-04 00:13:44.875;
397307;user;database_authenticatable;"25682_1";0;true;;User;2557;api/v3/overrides/sessions#create;"172.19.101.173";Dart/3.2 (dart:io);https://oruspay-banking-api.cashway.io/api/v3/auth/sign_in;;;;0.0;0.0;2024-11-04 00:15:34.796;
397308;user;token;"25682_1";0;true;;User;2557;api/v3/overrides/sessions#create;"172.19.101.173";Dart/3.2 (dart:io);https://oruspay-banking-api.cashway.io/api/v3/auth/sign_in;;;;0.0;0.0;2024-11-04 00:15:34.834;
397324;user;database_authenticatable;"25682_1";0;true;;User;2557;api/v3/overrides/sessions#create;"172.19.103.245";"Mozilla/5.0 (Macintosh; Intel Mac OS X 10_15_7) AppleWebKit/537.36 (KHTML, like Gecko) Chrome/127.0.0.0 Safari/537.36 OPR/113.0.0.0";https://oruspay.cashway.io/;;;;0.0;0.0;2024-11-04 00:30:27.853;
397325;user;token;"25682_1";0;true;;User;2557;api/v3/overrides/sessions#create;"172.19.103.245";"Mozilla/5.0 (Macintosh; Intel Mac OS X 10_15_7) AppleWebKit/537.36 (KHTML, like Gecko) Chrome/127.0.0.0 Safari/537.36 OPR/113.0.0.0";https://oruspay.cashway.io/;;;;0.0;0.0;2024-11-04 00:30:27.884;
397332;user;database_authenticatable;"25682_1";0;true;;User;2557;api/v3/overrides/sessions#create;"172.19.103.245";"Mozilla/5.0 (Macintosh; Intel Mac OS X 10_15_7) AppleWebKit/537.36 (KHTML, like Gecko) Chrome/127.0.0.0 Safari/537.36 OPR/113.0.0.0";https://oruspay.cashway.io/;;;;0.0;0.0;2024-11-04 00:34:17.446;
397333;user;token;"25682_1";0;true;;User;2557;api/v3/overrides/sessions#create;"172.19.103.245";"Mozilla/5.0 (Macintosh; Intel Mac OS X 10_15_7) AppleWebKit/537.36 (KHTML, like Gecko) Chrome/127.0.0.0 Safari/537.36 OPR/113.0.0.0";https://oruspay.cashway.io/;;;;0.0;0.0;2024-11-04 00:34:17.472;
397334;user;database_authenticatable;"25682_1";0;true;;User;2557;api/v3/overrides/sessions#create;"172.19.102.80";Dart/3.2 (dart:io);https://oruspay-banking-api.cashway.io/api/v3/auth/sign_in;;;;0.0;0.0;2024-11-04 00:34:35.507;
397335;user;token;"25682_1";0;true;;User;2557;api/v3/overrides/sessions#create;"172.19.102.80";Dart/3.2 (dart:io);https://oruspay-banking-api.cashway.io/api/v3/auth/sign_in;;;;0.0;0.0;2024-11-04 00:34:35.567;
397336;user;database_authenticatable;"25682_1";0;true;;User;2557;api/v3/overrides/sessions#create;"172.19.101.173";"Mozilla/5.0 (Macintosh; Intel Mac OS X 10_15_7) AppleWebKit/605.1.15 (KHTML, like Gecko) Version/18.0.1 Safari/605.1.15";https://oruspay.cashway.io/;;;;;;2024-11-04 00:35:56.841;
397337;user;token;"25682_1";0;true;;User;2557;api/v3/overrides/sessions#create;"172.19.101.173";"Mozilla/5.0 (Macintosh; Intel Mac OS X 10_15_7) AppleWebKit/605.1.15 (KHTML, like Gecko) Version/18.0.1 Safari/605.1.15";https://oruspay.cashway.io/;;;;;;2024-11-04 00:35:56.870;
397338;user;database_authenticatable;"25682_1";0;true;;User;2557;api/v3/overrides/sessions#create;"172.19.102.80";Dart/3.2 (dart:io);https://oruspay-banking-api.cashway.io/api/v3/auth/sign_in;;;;0.0;0.0;2024-11-04 00:36:50.912;
397339;user;token;"25682_1";0;true;;User;2557;api/v3/overrides/sessions#create;"172.19.102.80";Dart/3.2 (dart:io);https://oruspay-banking-api.cashway.io/api/v3/auth/sign_in;;;;0.0;0.0;2024-11-04 00:36:50.965;
397348;user;database_authenticatable;"25682_1";0;true;;User;2557;api/v3/overrides/sessions#create;"172.19.102.80";Dart/3.2 (dart:io);https://oruspay-banking-api.cashway.io/api/v3/auth/sign_in;;;;0.0;0.0;2024-11-04 00:42:19.816;
397349;user;token;"25682_1";0;true;;User;2557;api/v3/overrides/sessions#create;"172.19.102.80";Dart/3.2 (dart:io);https://oruspay-banking-api.cashway.io/api/v3/auth/sign_in;;;;0.0;0.0;2024-11-04 00:42:19.858;
397351;user;database_authenticatable;"25682_1";0;true;;User;2557;api/v3/overrides/sessions#create;"172.19.103.245";Dart/3.2 (dart:io);https://oruspay-banking-api.cashway.io/api/v3/auth/sign_in;;;;0.0;0.0;2024-11-04 00:44:43.688;
397352;user;token;"25682_1";0;true;;User;2557;api/v3/overrides/sessions#create;"172.19.103.245";Dart/3.2 (dart:io);https://oruspay-banking-api.cashway.io/api/v3/auth/sign_in;;;;0.0;0.0;2024-11-04 00:44:43.759;
397353;user;token;"25682_1";0;true;;User;2557;api/v3/overrides/sessions#create;"172.19.102.80";Dart/3.2 (dart:io);https://oruspay-banking-api.cashway.io/api/v3/auth/sign_in;;;;0.0;0.0;2024-11-04 00:45:26.845;
397369;user;database_authenticatable;"25682_1";0;true;;User;2557;api/v3/overrides/sessions#create;"172.19.103.245";"Mozilla/5.0 (Macintosh; Intel Mac OS X 10_15_7) AppleWebKit/537.36 (KHTML, like Gecko) Chrome/127.0.0.0 Safari/537.36 OPR/113.0.0.0";https://oruspay.cashway.io/;;;;0.0;0.0;2024-11-04 01:08:16.125;
397370;user;token;"25682_1";0;true;;User;2557;api/v3/overrides/sessions#create;"172.19.103.245";"Mozilla/5.0 (Macintosh; Intel Mac OS X 10_15_7) AppleWebKit/537.36 (KHTML, like Gecko) Chrome/127.0.0.0 Safari/537.36 OPR/113.0.0.0";https://oruspay.cashway.io/;;;;0.0;0.0;2024-11-04 01:08:16.186;
397383;user;database_authenticatable;"25682_1";0;true;;User;2557;api/v3/overrides/sessions#create;"172.19.103.245";Dart/3.2 (dart:io);https://oruspay-banking-api.cashway.io/api/v3/auth/sign_in;;;;0.0;0.0;2024-11-04 01:19:32.696;
397384;user;token;"25682_1";0;true;;User;2557;api/v3/overrides/sessions#create;"172.19.103.245";Dart/3.2 (dart:io);https://oruspay-banking-api.cashway.io/api/v3/auth/sign_in;;;;0.0;0.0;2024-11-04 01:19:32.723;
397392;user;database_authenticatable;"25682_1";0;true;;User;2557;api/v3/overrides/sessions#create;"172.19.102.80";"Mozilla/5.0 (Macintosh; Intel Mac OS X 10_15_7) AppleWebKit/605.1.15 (KHTML, like Gecko) Version/18.0.1 Safari/605.1.15";https://oruspay.cashway.io/;;;;0.0;0.0;2024-11-04 01:25:07.671;
397393;user;token;"25682_1";0;true;;User;2557;api/v3/overrides/sessions#create;"172.19.102.80";"Mozilla/5.0 (Macintosh; Intel Mac OS X 10_15_7) AppleWebKit/605.1.15 (KHTML, like Gecko) Version/18.0.1 Safari/605.1.15";https://oruspay.cashway.io/;;;;0.0;0.0;2024-11-04 01:25:07.711;
397396;user;database_authenticatable;"25682_1";0;true;;User;2557;api/v3/overrides/sessions#create;"172.19.103.245";Dart/3.2 (dart:io);https://oruspay-banking-api.cashway.io/api/v3/auth/sign_in;;;;0.0;0.0;2024-11-04 01:42:10.238;
397397;user;token;"25682_1";0;true;;User;2557;api/v3/overrides/sessions#create;"172.19.103.245";Dart/3.2 (dart:io);https://oruspay-banking-api.cashway.io/api/v3/auth/sign_in;;;;0.0;0.0;2024-11-04 01:42:10.350;
397417;user;database_authenticatable;"25682_1";0;true;;User;2557;api/v3/overrides/sessions#create;"172.19.103.245";Dart/3.2 (dart:io);https://oruspay-banking-api.cashway.io/api/v3/auth/sign_in;;;;0.0;0.0;2024-11-04 02:27:31.267;
397418;user;token;"25682_1";0;true;;User;2557;api/v3/overrides/sessions#create;"172.19.103.245";Dart/3.2 (dart:io);https://oruspay-banking-api.cashway.io/api/v3/auth/sign_in;;;;0.0;0.0;2024-11-04 02:27:31.306;
397419;user;database_authenticatable;"25682_1";0;true;;User;2557;api/v3/overrides/sessions#create;"172.19.102.80";Dart/3.2 (dart:io);https://oruspay-banking-api.cashway.io/api/v3/auth/sign_in;;;;0.0;0.0;2024-11-04 02:31:17.229;
397420;user;token;"25682_1";0;true;;User;2557;api/v3/overrides/sessions#create;"172.19.102.80";Dart/3.2 (dart:io);https://oruspay-banking-api.cashway.io/api/v3/auth/sign_in;;;;0.0;0.0;2024-11-04 02:31:17.352;
397424;user;database_authenticatable;"25682_1";0;true;;User;2557;api/v3/overrides/sessions#create;"172.19.102.80";Dart/3.2 (dart:io);https://oruspay-banking-api.cashway.io/api/v3/auth/sign_in;;;;0.0;0.0;2024-11-04 02:34:17.504;
397425;user;token;"25682_1";0;true;;User;2557;api/v3/overrides/sessions#create;"172.19.102.80";Dart/3.2 (dart:io);https://oruspay-banking-api.cashway.io/api/v3/auth/sign_in;;;;0.0;0.0;2024-11-04 02:34:17.560;
397426;user;database_authenticatable;"25682_1";0;true;;User;2557;api/v3/overrides/sessions#create;"172.19.102.80";"Mozilla/5.0 (Macintosh; Intel Mac OS X 10_15_7) AppleWebKit/605.1.15 (KHTML, like Gecko) Version/18.0.1 Safari/605.1.15";https://oruspay.cashway.io/;;;;0.0;0.0;2024-11-04 02:35:09.295;
397427;user;token;"25682_1";0;true;;User;2557;api/v3/overrides/sessions#create;"172.19.102.80";"Mozilla/5.0 (Macintosh; Intel Mac OS X 10_15_7) AppleWebKit/605.1.15 (KHTML, like Gecko) Version/18.0.1 Safari/605.1.15";https://oruspay.cashway.io/;;;;0.0;0.0;2024-11-04 02:35:09.353;
397444;user;database_authenticatable;"25682_1";0;true;;User;2557;api/v3/overrides/sessions#create;"172.19.101.173";Dart/3.2 (dart:io);https://oruspay-banking-api.cashway.io/api/v3/auth/sign_in;;;;0.0;0.0;2024-11-04 02:46:38.170;
397445;user;token;"25682_1";0;true;;User;2557;api/v3/overrides/sessions#create;"172.19.101.173";Dart/3.2 (dart:io);https://oruspay-banking-api.cashway.io/api/v3/auth/sign_in;;;;0.0;0.0;2024-11-04 02:46:38.225;
397448;user;database_authenticatable;"25682_1";0;true;;User;2557;api/v3/overrides/sessions#create;"172.19.101.173";Dart/3.2 (dart:io);https://oruspay-banking-api.cashway.io/api/v3/auth/sign_in;;;;0.0;0.0;2024-11-04 02:47:44.341;
397449;user;token;"25682_1";0;true;;User;2557;api/v3/overrides/sessions#create;"172.19.101.173";Dart/3.2 (dart:io);https://oruspay-banking-api.cashway.io/api/v3/auth/sign_in;;;;0.0;0.0;2024-11-04 02:47:44.389;
397450;user;database_authenticatable;"25682_1";0;true;;User;2557;api/v3/overrides/sessions#create;"172.19.102.80";"Mozilla/5.0 (Macintosh; Intel Mac OS X 10_15_7) AppleWebKit/605.1.15 (KHTML, like Gecko) Version/18.0.1 Safari/605.1.15";https://oruspay.cashway.io/;;;;0.0;0.0;2024-11-04 02:48:54.274;
397451;user;token;"25682_1";0;true;;User;2557;api/v3/overrides/sessions#create;"172.19.102.80";"Mozilla/5.0 (Macintosh; Intel Mac OS X 10_15_7) AppleWebKit/605.1.15 (KHTML, like Gecko) Version/18.0.1 Safari/605.1.15";https://oruspay.cashway.io/;;;;0.0;0.0;2024-11-04 02:48:54.323;
397452;user;database_authenticatable;"25682_1";0;true;;User;2557;api/v3/overrides/sessions#create;"172.19.102.80";"Mozilla/5.0 (Macintosh; Intel Mac OS X 10_15_7) AppleWebKit/605.1.15 (KHTML, like Gecko) Version/18.0.1 Safari/605.1.15";https://oruspay.cashway.io/;;;;0.0;0.0;2024-11-04 02:52:23.152;
397453;user;token;"25682_1";0;true;;User;2557;api/v3/overrides/sessions#create;"172.19.102.80";"Mozilla/5.0 (Macintosh; Intel Mac OS X 10_15_7) AppleWebKit/605.1.15 (KHTML, like Gecko) Version/18.0.1 Safari/605.1.15";https://oruspay.cashway.io/;;;;0.0;0.0;2024-11-04 02:52:23.232;
397456;user;database_authenticatable;"25682_1";0;true;;User;2557;api/v3/overrides/sessions#create;"172.19.102.80";"Mozilla/5.0 (Macintosh; Intel Mac OS X 10_15_7) AppleWebKit/605.1.15 (KHTML, like Gecko) Version/18.0.1 Safari/605.1.15";https://oruspay.cashway.io/;;;;0.0;0.0;2024-11-04 02:57:07.237;
397457;user;token;"25682_1";0;true;;User;2557;api/v3/overrides/sessions#create;"172.19.102.80";"Mozilla/5.0 (Macintosh; Intel Mac OS X 10_15_7) AppleWebKit/605.1.15 (KHTML, like Gecko) Version/18.0.1 Safari/605.1.15";https://oruspay.cashway.io/;;;;0.0;0.0;2024-11-04 02:57:07.638;
397458;user;database_authenticatable;"25682_1";0;true;;User;2557;api/v3/overrides/sessions#create;"172.19.101.173";Dart/3.2 (dart:io);https://oruspay-banking-api.cashway.io/api/v3/auth/sign_in;;;;0.0;0.0;2024-11-04 03:02:21.229;
397459;user;token;"25682_1";0;true;;User;2557;api/v3/overrides/sessions#create;"172.19.101.173";Dart/3.2 (dart:io);https://oruspay-banking-api.cashway.io/api/v3/auth/sign_in;;;;0.0;0.0;2024-11-04 03:02:21.296;
397461;user;database_authenticatable;"25682_1";0;true;;User;2557;api/v3/overrides/sessions#create;"172.19.102.80";"Mozilla/5.0 (Macintosh; Intel Mac OS X 10_15_7) AppleWebKit/605.1.15 (KHTML, like Gecko) Version/18.0.1 Safari/605.1.15";https://oruspay.cashway.io/;;;;0.0;0.0;2024-11-04 03:03:17.548;
397462;user;token;"25682_1";0;true;;User;2557;api/v3/overrides/sessions#create;"172.19.102.80";"Mozilla/5.0 (Macintosh; Intel Mac OS X 10_15_7) AppleWebKit/605.1.15 (KHTML, like Gecko) Version/18.0.1 Safari/605.1.15";https://oruspay.cashway.io/;;;;0.0;0.0;2024-11-04 03:03:17.632;
397463;user;database_authenticatable;"25682_1";0;true;;User;2557;api/v3/overrides/sessions#create;"172.19.103.245";Dart/3.2 (dart:io);https://oruspay-banking-api.cashway.io/api/v3/auth/sign_in;;;;0.0;0.0;2024-11-04 03:04:21.270;
397464;user;token;"25682_1";0;true;;User;2557;api/v3/overrides/sessions#create;"172.19.103.245";Dart/3.2 (dart:io);https://oruspay-banking-api.cashway.io/api/v3/auth/sign_in;;;;0.0;0.0;2024-11-04 03:04:21.298;
397465;user;database_authenticatable;"25682_1";0;true;;User;2557;api/v3/overrides/sessions#create;"172.19.103.245";"Mozilla/5.0 (Macintosh; Intel Mac OS X 10_15_7) AppleWebKit/605.1.15 (KHTML, like Gecko) Version/18.0.1 Safari/605.1.15";https://oruspay.cashway.io/;;;;0.0;0.0;2024-11-04 03:11:20.214;
397466;user;token;"25682_1";0;true;;User;2557;api/v3/overrides/sessions#create;"172.19.103.245";"Mozilla/5.0 (Macintosh; Intel Mac OS X 10_15_7) AppleWebKit/605.1.15 (KHTML, like Gecko) Version/18.0.1 Safari/605.1.15";https://oruspay.cashway.io/;;;;0.0;0.0;2024-11-04 03:11:20.247;
397469;user;database_authenticatable;"25682_1";0;true;;User;2557;api/v3/overrides/sessions#create;"172.19.102.80";Dart/3.2 (dart:io);https://oruspay-banking-api.cashway.io/api/v3/auth/sign_in;;;;;;2024-11-04 03:11:28.620;
397470;user;token;"25682_1";0;true;;User;2557;api/v3/overrides/sessions#create;"172.19.102.80";Dart/3.2 (dart:io);https://oruspay-banking-api.cashway.io/api/v3/auth/sign_in;;;;;;2024-11-04 03:11:28.651;
397472;user;database_authenticatable;"25682_1";0;true;;User;2557;api/v3/overrides/sessions#create;"172.19.103.245";"Mozilla/5.0 (Macintosh; Intel Mac OS X 10_15_7) AppleWebKit/605.1.15 (KHTML, like Gecko) Version/18.0.1 Safari/605.1.15";https://oruspay.cashway.io/;;;;0.0;0.0;2024-11-04 03:12:43.486;
397473;user;token;"25682_1";0;true;;User;2557;api/v3/overrides/sessions#create;"172.19.103.245";"Mozilla/5.0 (Macintosh; Intel Mac OS X 10_15_7) AppleWebKit/605.1.15 (KHTML, like Gecko) Version/18.0.1 Safari/605.1.15";https://oruspay.cashway.io/;;;;0.0;0.0;2024-11-04 03:12:43.511;
397474;user;database_authenticatable;"25682_1";0;true;;User;2557;api/v3/overrides/sessions#create;"172.19.103.245";Dart/3.2 (dart:io);https://oruspay-banking-api.cashway.io/api/v3/auth/sign_in;;;;;;2024-11-04 03:12:49.986;
397475;user;token;"25682_1";0;true;;User;2557;api/v3/overrides/sessions#create;"172.19.103.245";Dart/3.2 (dart:io);https://oruspay-banking-api.cashway.io/api/v3/auth/sign_in;;;;;;2024-11-04 03:12:50.016;
397476;user;database_authenticatable;"25682_1";0;true;;User;2557;api/v3/overrides/sessions#create;"172.19.101.173";"Mozilla/5.0 (Macintosh; Intel Mac OS X 10_15_7) AppleWebKit/605.1.15 (KHTML, like Gecko) Version/18.0.1 Safari/605.1.15";https://oruspay.cashway.io/;;;;0.0;0.0;2024-11-04 03:17:14.077;
397477;user;token;"25682_1";0;true;;User;2557;api/v3/overrides/sessions#create;"172.19.101.173";"Mozilla/5.0 (Macintosh; Intel Mac OS X 10_15_7) AppleWebKit/605.1.15 (KHTML, like Gecko) Version/18.0.1 Safari/605.1.15";https://oruspay.cashway.io/;;;;0.0;0.0;2024-11-04 03:17:14.162;
397479;user;database_authenticatable;"25682_1";0;true;;User;2557;api/v3/overrides/sessions#create;"172.19.101.173";"Mozilla/5.0 (Macintosh; Intel Mac OS X 10_15_7) AppleWebKit/605.1.15 (KHTML, like Gecko) Version/18.0.1 Safari/605.1.15";https://oruspay.cashway.io/;;;;0.0;0.0;2024-11-04 03:18:46.089;
397480;user;token;"25682_1";0;true;;User;2557;api/v3/overrides/sessions#create;"172.19.101.173";"Mozilla/5.0 (Macintosh; Intel Mac OS X 10_15_7) AppleWebKit/605.1.15 (KHTML, like Gecko) Version/18.0.1 Safari/605.1.15";https://oruspay.cashway.io/;;;;0.0;0.0;2024-11-04 03:18:46.124;
397481;user;database_authenticatable;"25682_1";0;true;;User;2557;api/v3/overrides/sessions#create;"172.19.102.80";Dart/3.2 (dart:io);https://oruspay-banking-api.cashway.io/api/v3/auth/sign_in;;;;0.0;0.0;2024-11-04 03:19:12.294;
397482;user;token;"25682_1";0;true;;User;2557;api/v3/overrides/sessions#create;"172.19.102.80";Dart/3.2 (dart:io);https://oruspay-banking-api.cashway.io/api/v3/auth/sign_in;;;;0.0;0.0;2024-11-04 03:19:12.327;
397483;user;database_authenticatable;"25682_1";0;true;;User;2557;api/v3/overrides/sessions#create;"172.19.101.173";"Mozilla/5.0 (Macintosh; Intel Mac OS X 10_15_7) AppleWebKit/605.1.15 (KHTML, like Gecko) Version/18.0.1 Safari/605.1.15";https://oruspay.cashway.io/;;;;0.0;0.0;2024-11-04 03:22:20.847;
397484;user;token;"25682_1";0;true;;User;2557;api/v3/overrides/sessions#create;"172.19.101.173";"Mozilla/5.0 (Macintosh; Intel Mac OS X 10_15_7) AppleWebKit/605.1.15 (KHTML, like Gecko) Version/18.0.1 Safari/605.1.15";https://oruspay.cashway.io/;;;;0.0;0.0;2024-11-04 03:22:20.915;
397485;user;database_authenticatable;"25682_1";0;true;;User;2557;api/v3/overrides/sessions#create;"172.19.102.80";Dart/3.2 (dart:io);https://oruspay-banking-api.cashway.io/api/v3/auth/sign_in;;;;0.0;0.0;2024-11-04 03:30:28.170;
397486;user;token;"25682_1";0;true;;User;2557;api/v3/overrides/sessions#create;"172.19.102.80";Dart/3.2 (dart:io);https://oruspay-banking-api.cashway.io/api/v3/auth/sign_in;;;;0.0;0.0;2024-11-04 03:30:28.257;
397497;user;database_authenticatable;"25682_1";0;true;;User;2557;api/v3/overrides/sessions#create;"172.19.102.80";Dart/3.2 (dart:io);https://oruspay-banking-api.cashway.io/api/v3/auth/sign_in;;;;0.0;0.0;2024-11-04 03:39:08.065;
397498;user;token;"25682_1";0;true;;User;2557;api/v3/overrides/sessions#create;"172.19.102.80";Dart/3.2 (dart:io);https://oruspay-banking-api.cashway.io/api/v3/auth/sign_in;;;;0.0;0.0;2024-11-04 03:39:08.102;
397499;user;database_authenticatable;"25682_1";0;true;;User;2557;api/v3/overrides/sessions#create;"172.19.101.173";Dart/3.2 (dart:io);https://oruspay-banking-api.cashway.io/api/v3/auth/sign_in;;;;0.0;0.0;2024-11-04 03:39:51.253;
397500;user;token;"25682_1";0;true;;User;2557;api/v3/overrides/sessions#create;"172.19.101.173";Dart/3.2 (dart:io);https://oruspay-banking-api.cashway.io/api/v3/auth/sign_in;;;;0.0;0.0;2024-11-04 03:39:51.290;
397501;user;database_authenticatable;"25682_1";0;true;;User;2557;api/v3/overrides/sessions#create;"172.19.103.245";Dart/3.2 (dart:io);https://oruspay-banking-api.cashway.io/api/v3/auth/sign_in;;;;0.0;0.0;2024-11-04 03:40:50.899;
397502;user;token;"25682_1";0;true;;User;2557;api/v3/overrides/sessions#create;"172.19.103.245";Dart/3.2 (dart:io);https://oruspay-banking-api.cashway.io/api/v3/auth/sign_in;;;;0.0;0.0;2024-11-04 03:40:50.967;
397520;user;database_authenticatable;"25682_1";0;true;;User;2557;api/v3/overrides/sessions#create;"172.19.103.245";Dart/3.2 (dart:io);https://oruspay-banking-api.cashway.io/api/v3/auth/sign_in;;;;0.0;0.0;2024-11-04 18:07:41.662;
397521;user;token;"25682_1";0;true;;User;2557;api/v3/overrides/sessions#create;"172.19.103.245";Dart/3.2 (dart:io);https://oruspay-banking-api.cashway.io/api/v3/auth/sign_in;;;;0.0;0.0;2024-11-04 18:07:41.732;
397525;user;database_authenticatable;"25682_1";0;true;;User;2557;api/v3/overrides/sessions#create;"172.19.102.80";"Mozilla/5.0 (X11; Ubuntu; Linux x86_64; rv:132.0) Gecko/20100101 Firefox/132.0";https://oruspay.cashway.io/;;;;0.0;0.0;2024-11-04 18:08:41.618;
397526;user;token;"25682_1";0;true;;User;2557;api/v3/overrides/sessions#create;"172.19.102.80";"Mozilla/5.0 (X11; Ubuntu; Linux x86_64; rv:132.0) Gecko/20100101 Firefox/132.0";https://oruspay.cashway.io/;;;;0.0;0.0;2024-11-04 18:08:41.677;
397527;user;database_authenticatable;"25682_1";0;true;;User;2557;api/v3/overrides/sessions#create;"172.19.101.186";"Mozilla/5.0 (Macintosh; Intel Mac OS X 10_15_7) AppleWebKit/605.1.15 (KHTML, like Gecko) Version/18.0.1 Safari/605.1.15";https://oruspay.cashway.io/;;;;0.0;0.0;2024-11-04 18:08:41.856;
397528;user;token;"25682_1";0;true;;User;2557;api/v3/overrides/sessions#create;"172.19.101.186";"Mozilla/5.0 (Macintosh; Intel Mac OS X 10_15_7) AppleWebKit/605.1.15 (KHTML, like Gecko) Version/18.0.1 Safari/605.1.15";https://oruspay.cashway.io/;;;;0.0;0.0;2024-11-04 18:08:41.889;
397531;user;database_authenticatable;"25682_1";0;true;;User;2557;api/v3/overrides/sessions#create;"172.19.101.186";"Mozilla/5.0 (Macintosh; Intel Mac OS X 10_15_7) AppleWebKit/537.36 (KHTML, like Gecko) Chrome/127.0.0.0 Safari/537.36 OPR/113.0.0.0";https://oruspay.cashway.io/;;;;0.0;0.0;2024-11-04 18:09:53.228;
397532;user;token;"25682_1";0;true;;User;2557;api/v3/overrides/sessions#create;"172.19.101.186";"Mozilla/5.0 (Macintosh; Intel Mac OS X 10_15_7) AppleWebKit/537.36 (KHTML, like Gecko) Chrome/127.0.0.0 Safari/537.36 OPR/113.0.0.0";https://oruspay.cashway.io/;;;;0.0;0.0;2024-11-04 18:09:53.302;
397533;user;database_authenticatable;"25682_1";0;true;;User;2557;api/v3/overrides/sessions#create;"172.19.103.245";"Mozilla/5.0 (Macintosh; Intel Mac OS X 10_15_7) AppleWebKit/605.1.15 (KHTML, like Gecko) Version/18.0.1 Safari/605.1.15";https://oruspay.cashway.io/;;;;0.0;0.0;2024-11-04 18:12:19.733;
397534;user;token;"25682_1";0;true;;User;2557;api/v3/overrides/sessions#create;"172.19.103.245";"Mozilla/5.0 (Macintosh; Intel Mac OS X 10_15_7) AppleWebKit/605.1.15 (KHTML, like Gecko) Version/18.0.1 Safari/605.1.15";https://oruspay.cashway.io/;;;;0.0;0.0;2024-11-04 18:12:19.772;
397606;user;database_authenticatable;"25682_1";0;true;;User;2557;api/v3/overrides/sessions#create;"172.19.102.80";Dart/3.2 (dart:io);https://oruspay-banking-api.cashway.io/api/v3/auth/sign_in;;;;0.0;0.0;2024-11-04 18:38:28.184;
397607;user;token;"25682_1";0;true;;User;2557;api/v3/overrides/sessions#create;"172.19.102.80";Dart/3.2 (dart:io);https://oruspay-banking-api.cashway.io/api/v3/auth/sign_in;;;;0.0;0.0;2024-11-04 18:38:28.214;
397614;user;database_authenticatable;"25682_1";0;true;;User;2557;api/v3/overrides/sessions#create;"172.19.103.245";"Mozilla/5.0 (Windows NT 10.0; Win64; x64) AppleWebKit/537.36 (KHTML, like Gecko) Chrome/129.0.0.0 Safari/537.36";https://oruspay.cashway.io/;;;;0.0;0.0;2024-11-04 18:41:08.151;
397615;user;token;"25682_1";0;true;;User;2557;api/v3/overrides/sessions#create;"172.19.103.245";"Mozilla/5.0 (Windows NT 10.0; Win64; x64) AppleWebKit/537.36 (KHTML, like Gecko) Chrome/129.0.0.0 Safari/537.36";https://oruspay.cashway.io/;;;;0.0;0.0;2024-11-04 18:41:08.185;
397624;user;database_authenticatable;"25682_1";0;true;;User;2557;api/v3/overrides/sessions#create;"172.19.101.186";"Mozilla/5.0 (Macintosh; Intel Mac OS X 10_15_7) AppleWebKit/605.1.15 (KHTML, like Gecko) Version/18.0.1 Safari/605.1.15";https://oruspay.cashway.io/;;;;0.0;0.0;2024-11-04 18:43:28.751;
397625;user;token;"25682_1";0;true;;User;2557;api/v3/overrides/sessions#create;"172.19.101.186";"Mozilla/5.0 (Macintosh; Intel Mac OS X 10_15_7) AppleWebKit/605.1.15 (KHTML, like Gecko) Version/18.0.1 Safari/605.1.15";https://oruspay.cashway.io/;;;;0.0;0.0;2024-11-04 18:43:28.823;
397751;user;database_authenticatable;"25682_1";0;true;;User;2557;api/v3/overrides/sessions#create;"172.19.102.80";"Mozilla/5.0 (Macintosh; Intel Mac OS X 10_15_7) AppleWebKit/605.1.15 (KHTML, like Gecko) Version/18.0.1 Safari/605.1.15";https://oruspay.cashway.io/;;;;0.0;0.0;2024-11-04 19:24:10.704;
397752;user;token;"25682_1";0;true;;User;2557;api/v3/overrides/sessions#create;"172.19.102.80";"Mozilla/5.0 (Macintosh; Intel Mac OS X 10_15_7) AppleWebKit/605.1.15 (KHTML, like Gecko) Version/18.0.1 Safari/605.1.15";https://oruspay.cashway.io/;;;;0.0;0.0;2024-11-04 19:24:10.734;
397788;user;database_authenticatable;"25682_1";0;true;;User;2557;api/v3/overrides/sessions#create;"172.19.102.80";Dart/3.2 (dart:io);https://oruspay-banking-api.cashway.io/api/v3/auth/sign_in;;;;0.0;0.0;2024-11-04 19:36:23.398;
397789;user;token;"25682_1";0;true;;User;2557;api/v3/overrides/sessions#create;"172.19.102.80";Dart/3.2 (dart:io);https://oruspay-banking-api.cashway.io/api/v3/auth/sign_in;;;;0.0;0.0;2024-11-04 19:36:23.435;
397817;user;database_authenticatable;"25682_1";0;true;;User;2557;api/v3/overrides/sessions#create;"172.19.102.80";Dart/3.2 (dart:io);https://oruspay-banking-api.cashway.io/api/v3/auth/sign_in;;;;0.0;0.0;2024-11-04 19:53:07.679;
397818;user;token;"25682_1";0;true;;User;2557;api/v3/overrides/sessions#create;"172.19.102.80";Dart/3.2 (dart:io);https://oruspay-banking-api.cashway.io/api/v3/auth/sign_in;;;;0.0;0.0;2024-11-04 19:53:07.715;
398318;user;database_authenticatable;"25682_1";0;true;;User;2557;api/v3/overrides/sessions#create;"172.19.101.186";Dart/3.2 (dart:io);https://oruspay-banking-api.cashway.io/api/v3/auth/sign_in;;;;0.0;0.0;2024-11-04 20:37:10.561;
398319;user;token;"25682_1";0;true;;User;2557;api/v3/overrides/sessions#create;"172.19.101.186";Dart/3.2 (dart:io);https://oruspay-banking-api.cashway.io/api/v3/auth/sign_in;;;;0.0;0.0;2024-11-04 20:37:10.642;
398320;user;database_authenticatable;"25682_1";0;true;;User;2557;api/v3/overrides/sessions#create;"172.19.101.186";Dart/3.2 (dart:io);https://oruspay-banking-api.cashway.io/api/v3/auth/sign_in;;;;0.0;0.0;2024-11-04 20:37:31.527;
398321;user;token;"25682_1";0;true;;User;2557;api/v3/overrides/sessions#create;"172.19.101.186";Dart/3.2 (dart:io);https://oruspay-banking-api.cashway.io/api/v3/auth/sign_in;;;;0.0;0.0;2024-11-04 20:37:31.556;
400897;user;database_authenticatable;"25682_1";0;true;;User;2557;api/v3/overrides/sessions#create;"172.19.101.186";Dart/3.2 (dart:io);https://oruspay-banking-api.cashway.io/api/v3/auth/sign_in;;;;0.0;0.0;2024-11-05 11:28:48.971;
400898;user;token;"25682_1";0;true;;User;2557;api/v3/overrides/sessions#create;"172.19.101.186";Dart/3.2 (dart:io);https://oruspay-banking-api.cashway.io/api/v3/auth/sign_in;;;;0.0;0.0;2024-11-05 11:28:49.036;
404314;user;database_authenticatable;"25682_1";2;true;;User;2557;api/v3/overrides/sessions#create;"172.19.101.186";Dart/3.2 (dart:io);https://oruspay-banking-api.cashway.io/api/v3/auth/sign_in;;;;0.0;0.0;2024-11-05 14:07:35.723;
404315;user;token;"25682_1";0;true;;User;2557;api/v3/overrides/sessions#create;"172.19.101.186";Dart/3.2 (dart:io);https://oruspay-banking-api.cashway.io/api/v3/auth/sign_in;;;;0.0;0.0;2024-11-05 14:07:35.829;
405542;user;database_authenticatable;"25682_1";2;true;;User;2557;api/v3/overrides/sessions#create;"18.188.128.250";"Mozilla/5.0 (Windows NT 10.0; Win64; x64) AppleWebKit/537.36 (KHTML, like Gecko) Chrome/130.0.0.0 Safari/537.36";https://main.d120ggk688zzy.amplifyapp.com/;Columbus;Ohio;United States;39.9587;-82.9987;2024-11-06 04:09:11.356;
405543;user;token;"25682_1";0;true;;User;2557;api/v3/overrides/sessions#create;"18.188.128.250";"Mozilla/5.0 (Windows NT 10.0; Win64; x64) AppleWebKit/537.36 (KHTML, like Gecko) Chrome/130.0.0.0 Safari/537.36";https://main.d120ggk688zzy.amplifyapp.com/;Columbus;Ohio;United States;39.9587;-82.9987;2024-11-06 04:09:11.428;
405544;user;database_authenticatable;"25682_1";0;true;;User;2557;api/v3/overrides/sessions#create;"18.188.128.250";"Mozilla/5.0 (Windows NT 10.0; Win64; x64) AppleWebKit/537.36 (KHTML, like Gecko) Chrome/130.0.0.0 Safari/537.36";https://main.d120ggk688zzy.amplifyapp.com/;Columbus;Ohio;United States;39.9587;-82.9987;2024-11-06 04:10:26.034;
405545;user;token;"25682_1";0;true;;User;2557;api/v3/overrides/sessions#create;"18.188.128.250";"Mozilla/5.0 (Windows NT 10.0; Win64; x64) AppleWebKit/537.36 (KHTML, like Gecko) Chrome/130.0.0.0 Safari/537.36";https://main.d120ggk688zzy.amplifyapp.com/;Columbus;Ohio;United States;39.9587;-82.9987;2024-11-06 04:10:26.115;
405546;user;database_authenticatable;"25682_1";0;true;;User;2557;api/v3/overrides/sessions#create;"177.174.243.207";Dart/3.2 (dart:io);https://oruspay-banking-api.cashway.io/api/v3/auth/sign_in;Joinville;Santa Catarina;Brazil;-26.2659;-48.9987;2024-11-06 04:11:35.223;
405547;user;token;"25682_1";0;true;;User;2557;api/v3/overrides/sessions#create;"177.174.243.207";Dart/3.2 (dart:io);https://oruspay-banking-api.cashway.io/api/v3/auth/sign_in;Joinville;Santa Catarina;Brazil;-26.2659;-48.9987;2024-11-06 04:11:35.261;
405548;user;token;"25682_1";0;true;;User;2557;api/v3/overrides/sessions#create;"177.174.246.127";Dart/3.2 (dart:io);https://oruspay-banking-api.cashway.io/api/v3/auth/sign_in;Florianópolis;Santa Catarina;Brazil;-27.6147;-48.4976;2024-11-06 04:27:53.136;
405551;user;token;"25682_1";0;true;;User;2557;api/v3/overrides/sessions#create;"177.174.246.127";Dart/3.2 (dart:io);https://oruspay-banking-api.cashway.io/api/v3/auth/sign_in;Florianópolis;Santa Catarina;Brazil;-27.6147;-48.4976;2024-11-06 04:52:05.957;
405552;user;token;"25682_1";0;true;;User;2557;api/v3/overrides/sessions#create;"177.174.246.127";Dart/3.2 (dart:io);https://oruspay-banking-api.cashway.io/api/v3/auth/sign_in;Florianópolis;Santa Catarina;Brazil;-27.6147;-48.4976;2024-11-06 04:52:14.244;
405553;user;token;"25682_1";0;true;;User;2557;api/v3/overrides/sessions#create;"177.174.246.127";Dart/3.2 (dart:io);https://oruspay-banking-api.cashway.io/api/v3/auth/sign_in;Florianópolis;Santa Catarina;Brazil;-27.6147;-48.4976;2024-11-06 04:52:18.635;
405554;user;token;"25682_1";0;true;;User;2557;api/v3/overrides/sessions#create;"177.174.246.127";Dart/3.2 (dart:io);https://oruspay-banking-api.cashway.io/api/v3/auth/sign_in;Florianópolis;Santa Catarina;Brazil;-27.6147;-48.4976;2024-11-06 04:53:04.743;
405555;user;token;"25682_1";0;true;;User;2557;api/v3/overrides/sessions#create;"177.174.246.127";Dart/3.2 (dart:io);https://oruspay-banking-api.cashway.io/api/v3/auth/sign_in;Florianópolis;Santa Catarina;Brazil;-27.6147;-48.4976;2024-11-06 04:53:18.991;
405556;user;token;"25682_1";0;true;;User;2557;api/v3/overrides/sessions#create;"177.174.246.127";Dart/3.2 (dart:io);https://oruspay-banking-api.cashway.io/api/v3/auth/sign_in;Florianópolis;Santa Catarina;Brazil;-27.6147;-48.4976;2024-11-06 05:00:18.150;
405557;user;token;"25682_1";0;true;;User;2557;api/v3/overrides/sessions#create;"177.174.246.127";Dart/3.2 (dart:io);https://oruspay-banking-api.cashway.io/api/v3/auth/sign_in;Florianópolis;Santa Catarina;Brazil;-27.6147;-48.4976;2024-11-06 05:00:21.151;
405564;user;token;"25682_1";4;true;;User;2557;api/v3/overrides/sessions#create;"10.235.116.109";Dart/3.2 (dart:io);https://oruspay-banking-api.cashway.io/api/v3/auth/sign_in;;;;0.0;0.0;2024-11-06 05:15:41.310;
405621;user;database_authenticatable;"25682_1";0;true;;User;2557;api/v3/overrides/sessions#create;"10.235.116.159";"Mozilla/5.0 (Windows NT 10.0; Win64; x64) AppleWebKit/537.36 (KHTML, like Gecko) Chrome/130.0.0.0 Safari/537.36";https://front.oruspay.cashway.io/;;;;0.0;0.0;2024-11-06 10:28:59.065;
405622;user;token;"25682_1";0;true;;User;2557;api/v3/overrides/sessions#create;"10.235.116.159";"Mozilla/5.0 (Windows NT 10.0; Win64; x64) AppleWebKit/537.36 (KHTML, like Gecko) Chrome/130.0.0.0 Safari/537.36";https://front.oruspay.cashway.io/;;;;0.0;0.0;2024-11-06 10:28:59.091;
405651;user;database_authenticatable;"25682_1";0;true;;User;2557;api/v3/overrides/sessions#create;"10.235.116.159";Dart/3.2 (dart:io);https://oruspay-banking-api.cashway.io/api/v3/auth/sign_in;;;;0.0;0.0;2024-11-06 10:53:46.345;
405652;user;token;"25682_1";0;true;;User;2557;api/v3/overrides/sessions#create;"10.235.116.159";Dart/3.2 (dart:io);https://oruspay-banking-api.cashway.io/api/v3/auth/sign_in;;;;0.0;0.0;2024-11-06 10:53:46.373;
405656;user;token;"25682_1";0;true;;User;2557;api/v3/overrides/sessions#create;"10.235.116.159";Dart/3.2 (dart:io);https://oruspay-banking-api.cashway.io/api/v3/auth/sign_in;;;;0.0;0.0;2024-11-06 10:56:14.141;
405660;user;token;"25682_1";0;true;;User;2557;api/v3/overrides/sessions#create;"10.235.116.109";Dart/3.2 (dart:io);https://oruspay-banking-api.cashway.io/api/v3/auth/sign_in;;;;0.0;0.0;2024-11-06 10:59:18.622;
405661;user;database_authenticatable;"25682_1";0;true;;User;2557;api/v3/overrides/sessions#create;"10.235.116.42";"Mozilla/5.0 (Macintosh; Intel Mac OS X 10_15_7) AppleWebKit/605.1.15 (KHTML, like Gecko) Version/18.0.1 Safari/605.1.15";https://front.oruspay.cashway.io/;;;;0.0;0.0;2024-11-06 11:00:56.826;
405662;user;token;"25682_1";0;true;;User;2557;api/v3/overrides/sessions#create;"10.235.116.42";"Mozilla/5.0 (Macintosh; Intel Mac OS X 10_15_7) AppleWebKit/605.1.15 (KHTML, like Gecko) Version/18.0.1 Safari/605.1.15";https://front.oruspay.cashway.io/;;;;0.0;0.0;2024-11-06 11:00:56.855;
405690;user;token;"25682_1";0;true;;User;2557;api/v3/overrides/sessions#create;"10.235.116.42";Dart/3.2 (dart:io);https://oruspay-banking-api.cashway.io/api/v3/auth/sign_in;;;;0.0;0.0;2024-11-06 11:25:17.717;
405706;user;database_authenticatable;"25682_1";0;true;;User;2557;api/v3/overrides/sessions#create;"10.235.116.109";"Mozilla/5.0 (Macintosh; Intel Mac OS X 10_15_7) AppleWebKit/605.1.15 (KHTML, like Gecko) Version/18.0.1 Safari/605.1.15";https://front.oruspay.cashway.io/;;;;0.0;0.0;2024-11-06 11:38:46.795;
405707;user;token;"25682_1";0;true;;User;2557;api/v3/overrides/sessions#create;"10.235.116.109";"Mozilla/5.0 (Macintosh; Intel Mac OS X 10_15_7) AppleWebKit/605.1.15 (KHTML, like Gecko) Version/18.0.1 Safari/605.1.15";https://front.oruspay.cashway.io/;;;;0.0;0.0;2024-11-06 11:38:46.828;
405752;user;database_authenticatable;"25682_1";0;true;;User;2557;api/v3/overrides/sessions#create;"10.235.116.109";Dart/3.2 (dart:io);https://oruspay-banking-api.cashway.io/api/v3/auth/sign_in;;;;0.0;0.0;2024-11-06 12:01:19.804;
405753;user;token;"25682_1";0;true;;User;2557;api/v3/overrides/sessions#create;"10.235.116.109";Dart/3.2 (dart:io);https://oruspay-banking-api.cashway.io/api/v3/auth/sign_in;;;;0.0;0.0;2024-11-06 12:01:19.836;
405768;user;database_authenticatable;"25682_1";0;true;;User;2557;api/v3/overrides/sessions#create;"10.235.116.159";"Mozilla/5.0 (Windows NT 10.0; Win64; x64) AppleWebKit/537.36 (KHTML, like Gecko) Chrome/129.0.0.0 Safari/537.36";https://front.oruspay.cashway.io/;;;;0.0;0.0;2024-11-06 12:07:32.630;
405769;user;token;"25682_1";0;true;;User;2557;api/v3/overrides/sessions#create;"10.235.116.159";"Mozilla/5.0 (Windows NT 10.0; Win64; x64) AppleWebKit/537.36 (KHTML, like Gecko) Chrome/129.0.0.0 Safari/537.36";https://front.oruspay.cashway.io/;;;;0.0;0.0;2024-11-06 12:07:32.657;
405810;user;database_authenticatable;"25682_1";0;true;;User;2557;api/v3/overrides/sessions#create;"10.235.116.109";Dart/3.2 (dart:io);https://oruspay-banking-api.cashway.io/api/v3/auth/sign_in;;;;0.0;0.0;2024-11-06 12:29:02.692;
405811;user;token;"25682_1";0;true;;User;2557;api/v3/overrides/sessions#create;"10.235.116.109";Dart/3.2 (dart:io);https://oruspay-banking-api.cashway.io/api/v3/auth/sign_in;;;;0.0;0.0;2024-11-06 12:29:02.745;
405831;user;database_authenticatable;"25682_1";0;true;;User;2557;api/v3/overrides/sessions#create;"10.235.116.42";"Mozilla/5.0 (Macintosh; Intel Mac OS X 10_15_7) AppleWebKit/605.1.15 (KHTML, like Gecko) Version/18.0.1 Safari/605.1.15";https://front.oruspay.cashway.io/;;;;0.0;0.0;2024-11-06 12:30:13.576;
405832;user;token;"25682_1";0;true;;User;2557;api/v3/overrides/sessions#create;"10.235.116.42";"Mozilla/5.0 (Macintosh; Intel Mac OS X 10_15_7) AppleWebKit/605.1.15 (KHTML, like Gecko) Version/18.0.1 Safari/605.1.15";https://front.oruspay.cashway.io/;;;;0.0;0.0;2024-11-06 12:30:13.620;
405838;user;token;"25682_1";0;true;;User;2557;api/v3/overrides/sessions#create;"10.235.116.42";"Mozilla/5.0 (Macintosh; Intel Mac OS X 10_15_7) AppleWebKit/605.1.15 (KHTML, like Gecko) Version/18.0.1 Safari/605.1.15";https://front.oruspay.cashway.io/;;;;0.0;0.0;2024-11-06 12:30:45.822;
405844;user;database_authenticatable;"25682_1";0;true;;User;2557;api/v3/overrides/sessions#create;"10.235.116.159";"Mozilla/5.0 (Macintosh; Intel Mac OS X 10_15_7) AppleWebKit/605.1.15 (KHTML, like Gecko) Version/18.0.1 Safari/605.1.15";https://front.oruspay.cashway.io/;;;;0.0;0.0;2024-11-06 12:31:19.960;
405845;user;token;"25682_1";0;true;;User;2557;api/v3/overrides/sessions#create;"10.235.116.159";"Mozilla/5.0 (Macintosh; Intel Mac OS X 10_15_7) AppleWebKit/605.1.15 (KHTML, like Gecko) Version/18.0.1 Safari/605.1.15";https://front.oruspay.cashway.io/;;;;0.0;0.0;2024-11-06 12:31:19.995;
405907;user;database_authenticatable;"25682_1";0;true;;User;2557;api/v3/overrides/sessions#create;"10.235.116.109";Dart/3.2 (dart:io);https://oruspay-banking-api.cashway.io/api/v3/auth/sign_in;;;;0.0;0.0;2024-11-06 12:41:19.841;
405908;user;token;"25682_1";0;true;;User;2557;api/v3/overrides/sessions#create;"10.235.116.109";Dart/3.2 (dart:io);https://oruspay-banking-api.cashway.io/api/v3/auth/sign_in;;;;0.0;0.0;2024-11-06 12:41:19.874;
405914;user;database_authenticatable;"25682_1";0;true;;User;2557;api/v3/overrides/sessions#create;"10.235.116.109";"Mozilla/5.0 (Macintosh; Intel Mac OS X 10_15_7) AppleWebKit/605.1.15 (KHTML, like Gecko) Version/18.0.1 Safari/605.1.15";https://front.oruspay.cashway.io/;;;;0.0;0.0;2024-11-06 12:42:16.938;
405915;user;token;"25682_1";0;true;;User;2557;api/v3/overrides/sessions#create;"10.235.116.109";"Mozilla/5.0 (Macintosh; Intel Mac OS X 10_15_7) AppleWebKit/605.1.15 (KHTML, like Gecko) Version/18.0.1 Safari/605.1.15";https://front.oruspay.cashway.io/;;;;0.0;0.0;2024-11-06 12:42:16.974;
405945;user;database_authenticatable;"25682_1";0;true;;User;2557;api/v3/overrides/sessions#create;"10.235.116.109";"Mozilla/5.0 (Macintosh; Intel Mac OS X 10_15_7) AppleWebKit/605.1.15 (KHTML, like Gecko) Version/18.0.1 Safari/605.1.15";https://front.oruspay.cashway.io/;;;;0.0;0.0;2024-11-06 12:51:41.476;
405946;user;token;"25682_1";0;true;;User;2557;api/v3/overrides/sessions#create;"10.235.116.109";"Mozilla/5.0 (Macintosh; Intel Mac OS X 10_15_7) AppleWebKit/605.1.15 (KHTML, like Gecko) Version/18.0.1 Safari/605.1.15";https://front.oruspay.cashway.io/;;;;0.0;0.0;2024-11-06 12:51:41.506;
405998;user;database_authenticatable;"25682_1";0;true;;User;2557;api/v3/overrides/sessions#create;"10.235.116.109";"Mozilla/5.0 (Macintosh; Intel Mac OS X 10_15_7) AppleWebKit/605.1.15 (KHTML, like Gecko) Version/18.0.1 Safari/605.1.15";https://front.oruspay.cashway.io/;;;;0.0;0.0;2024-11-06 13:04:24.171;
405999;user;token;"25682_1";0;true;;User;2557;api/v3/overrides/sessions#create;"10.235.116.109";"Mozilla/5.0 (Macintosh; Intel Mac OS X 10_15_7) AppleWebKit/605.1.15 (KHTML, like Gecko) Version/18.0.1 Safari/605.1.15";https://front.oruspay.cashway.io/;;;;0.0;0.0;2024-11-06 13:04:24.211;
406177;user;database_authenticatable;"25682_1";0;true;;User;2557;api/v3/overrides/sessions#create;"10.235.116.42";"Mozilla/5.0 (Macintosh; Intel Mac OS X 10_15_7) AppleWebKit/605.1.15 (KHTML, like Gecko) Version/18.0.1 Safari/605.1.15";https://front.oruspay.cashway.io/;;;;0.0;0.0;2024-11-06 14:09:46.632;
406178;user;token;"25682_1";0;true;;User;2557;api/v3/overrides/sessions#create;"10.235.116.42";"Mozilla/5.0 (Macintosh; Intel Mac OS X 10_15_7) AppleWebKit/605.1.15 (KHTML, like Gecko) Version/18.0.1 Safari/605.1.15";https://front.oruspay.cashway.io/;;;;0.0;0.0;2024-11-06 14:09:46.676;
406235;user;database_authenticatable;"25682_1";0;true;;User;2557;api/v3/overrides/sessions#create;"10.235.116.42";"Mozilla/5.0 (Windows NT 10.0; Win64; x64) AppleWebKit/537.36 (KHTML, like Gecko) Chrome/129.0.0.0 Safari/537.36";https://front.oruspay.cashway.io/;;;;0.0;0.0;2024-11-06 14:42:36.480;
406236;user;token;"25682_1";0;true;;User;2557;api/v3/overrides/sessions#create;"10.235.116.42";"Mozilla/5.0 (Windows NT 10.0; Win64; x64) AppleWebKit/537.36 (KHTML, like Gecko) Chrome/129.0.0.0 Safari/537.36";https://front.oruspay.cashway.io/;;;;0.0;0.0;2024-11-06 14:42:36.521;
406251;user;database_authenticatable;"25682_1";0;true;;User;2557;api/v3/overrides/sessions#create;"10.235.116.42";"Mozilla/5.0 (Macintosh; Intel Mac OS X 10_15_7) AppleWebKit/605.1.15 (KHTML, like Gecko) Version/18.0.1 Safari/605.1.15";https://front.oruspay.cashway.io/;;;;0.0;0.0;2024-11-06 14:49:58.561;
406252;user;token;"25682_1";0;true;;User;2557;api/v3/overrides/sessions#create;"10.235.116.42";"Mozilla/5.0 (Macintosh; Intel Mac OS X 10_15_7) AppleWebKit/605.1.15 (KHTML, like Gecko) Version/18.0.1 Safari/605.1.15";https://front.oruspay.cashway.io/;;;;0.0;0.0;2024-11-06 14:49:58.595;
406435;user;database_authenticatable;"25682_1";0;true;;User;2557;api/v3/overrides/sessions#create;"10.235.116.109";Dart/3.2 (dart:io);https://oruspay-banking-api.cashway.io/api/v3/auth/sign_in;;;;0.0;0.0;2024-11-06 15:20:10.523;
406436;user;token;"25682_1";0;true;;User;2557;api/v3/overrides/sessions#create;"10.235.116.109";Dart/3.2 (dart:io);https://oruspay-banking-api.cashway.io/api/v3/auth/sign_in;;;;0.0;0.0;2024-11-06 15:20:10.614;
406536;user;database_authenticatable;"25682_1";0;true;;User;2557;api/v3/overrides/sessions#create;"10.235.116.42";Dart/3.2 (dart:io);https://oruspay-banking-api.cashway.io/api/v3/auth/sign_in;;;;0.0;0.0;2024-11-06 16:10:58.923;
406537;user;token;"25682_1";0;true;;User;2557;api/v3/overrides/sessions#create;"10.235.116.42";Dart/3.2 (dart:io);https://oruspay-banking-api.cashway.io/api/v3/auth/sign_in;;;;0.0;0.0;2024-11-06 16:10:58.961;
406885;user;database_authenticatable;"25682_1";0;true;;User;2557;api/v3/overrides/sessions#create;"10.235.116.42";"Mozilla/5.0 (Windows NT 10.0; Win64; x64) AppleWebKit/537.36 (KHTML, like Gecko) Chrome/129.0.0.0 Safari/537.36";https://front.oruspay.cashway.io/;;;;0.0;0.0;2024-11-06 18:30:04.656;
406886;user;token;"25682_1";0;true;;User;2557;api/v3/overrides/sessions#create;"10.235.116.42";"Mozilla/5.0 (Windows NT 10.0; Win64; x64) AppleWebKit/537.36 (KHTML, like Gecko) Chrome/129.0.0.0 Safari/537.36";https://front.oruspay.cashway.io/;;;;0.0;0.0;2024-11-06 18:30:04.745;
408041;user;database_authenticatable;"25682_1";0;true;;User;2557;api/v3/overrides/sessions#create;"10.235.116.109";Dart/3.2 (dart:io);https://oruspay-banking-api.cashway.io/api/v3/auth/sign_in;;;;0.0;0.0;2024-11-07 19:04:14.400;
408042;user;token;"25682_1";0;true;;User;2557;api/v3/overrides/sessions#create;"10.235.116.109";Dart/3.2 (dart:io);https://oruspay-banking-api.cashway.io/api/v3/auth/sign_in;;;;0.0;0.0;2024-11-07 19:04:14.437;
408064;user;database_authenticatable;"25682_1";0;true;;User;2557;api/v3/overrides/sessions#create;"10.235.116.42";Dart/3.2 (dart:io);https://oruspay-banking-api.cashway.io/api/v3/auth/sign_in;;;;0.0;0.0;2024-11-07 19:13:45.059;
408065;user;token;"25682_1";0;true;;User;2557;api/v3/overrides/sessions#create;"10.235.116.42";Dart/3.2 (dart:io);https://oruspay-banking-api.cashway.io/api/v3/auth/sign_in;;;;0.0;0.0;2024-11-07 19:13:45.097;
408110;user;token;"25682_1";0;true;;User;2557;api/v3/overrides/sessions#create;"10.235.116.109";Dart/3.2 (dart:io);https://oruspay-banking-api.cashway.io/api/v3/auth/sign_in;;;;0.0;0.0;2024-11-07 19:31:29.413;
408179;user;database_authenticatable;"25682_1";0;true;;User;2557;api/v3/overrides/sessions#create;"10.235.116.42";Dart/3.2 (dart:io);https://oruspay-banking-api.cashway.io/api/v3/auth/sign_in;;;;0.0;0.0;2024-11-07 20:19:43.643;
408180;user;token;"25682_1";0;true;;User;2557;api/v3/overrides/sessions#create;"10.235.116.42";Dart/3.2 (dart:io);https://oruspay-banking-api.cashway.io/api/v3/auth/sign_in;;;;0.0;0.0;2024-11-07 20:19:43.719;
408189;user;token;"25682_1";0;true;;User;2557;api/v3/overrides/sessions#create;"10.235.116.42";Dart/3.2 (dart:io);https://oruspay-banking-api.cashway.io/api/v3/auth/sign_in;;;;0.0;0.0;2024-11-07 20:32:03.988;
423403;user;database_authenticatable;"25682_1";2;true;;User;2557;api/v3/overrides/sessions#create;"10.235.116.190";Dart/3.2 (dart:io);https://oruspay-banking-api.cashway.io/api/v3/auth/sign_in;;;;0.0;0.0;2024-11-26 20:21:55.961;
423404;user;token;"25682_1";0;true;;User;2557;api/v3/overrides/sessions#create;"10.235.116.190";Dart/3.2 (dart:io);https://oruspay-banking-api.cashway.io/api/v3/auth/sign_in;;;;0.0;0.0;2024-11-26 20:21:56.073;
427322;user;database_authenticatable;"25682_1";0;true;;User;2557;api/v3/overrides/sessions#create;"10.235.116.62";Dart/3.2 (dart:io);https://oruspay-banking-api.cashway.io/api/v3/auth/sign_in;;;;0.0;0.0;2024-12-05 12:28:12.887;
427323;user;token;"25682_1";0;true;;User;2557;api/v3/overrides/sessions#create;"10.235.116.62";Dart/3.2 (dart:io);https://oruspay-banking-api.cashway.io/api/v3/auth/sign_in;;;;0.0;0.0;2024-12-05 12:28:12.954;
486667;user;database_authenticatable;"25682_1";0;true;;User;2557;api/v3/overrides/sessions#create;"10.235.116.190";Dart/3.2 (dart:io);https://oruspay-banking-api.cashway.io/api/v3/auth/sign_in;;;;0.0;0.0;2025-02-04 16:59:46.730;
486668;user;token;"25682_1";0;true;;User;2557;api/v3/overrides/sessions#create;"10.235.116.190";Dart/3.2 (dart:io);https://oruspay-banking-api.cashway.io/api/v3/auth/sign_in;;;;0.0;0.0;2025-02-04 16:59:46.779;
496225;user;database_authenticatable;"25682_1";3;true;;User;2557;api/v3/overrides/sessions#create;"10.235.116.5";"Mozilla/5.0 (Windows NT 10.0; Win64; x64) AppleWebKit/537.36 (KHTML, like Gecko) Chrome/133.0.0.0 Safari/537.36";https://front.oruspay.cashway.io/;;;;0.0;0.0;2025-02-12 18:13:28.981;
496226;user;token;"25682_1";0;true;;User;2557;api/v3/overrides/sessions#create;"10.235.116.5";"Mozilla/5.0 (Windows NT 10.0; Win64; x64) AppleWebKit/537.36 (KHTML, like Gecko) Chrome/133.0.0.0 Safari/537.36";https://front.oruspay.cashway.io/;;;;0.0;0.0;2025-02-12 18:13:29.069;
548618;user;database_authenticatable;"25682_1";1;true;;User;2557;api/v3/overrides/sessions#create;"10.235.116.109";"Mozilla/5.0 (Windows NT 10.0; Win64; x64) AppleWebKit/537.36 (KHTML, like Gecko) Chrome/136.0.0.0 Safari/537.36";https://sudacred.cashway.io/;;;;0.0;0.0;2025-05-11 21:12:35.465;
548619;user;token;"25682_1";0;true;;User;2557;api/v3/overrides/sessions#create;"10.235.116.109";"Mozilla/5.0 (Windows NT 10.0; Win64; x64) AppleWebKit/537.36 (KHTML, like Gecko) Chrome/136.0.0.0 Safari/537.36";https://sudacred.cashway.io/;;;;0.0;0.0;2025-05-11 21:12:35.508;
570697;user;database_authenticatable;"25682_1";0;true;;User;2557;api/v3/overrides/sessions#create;"10.235.116.44";"Mozilla/5.0 (Windows NT 10.0; Win64; x64) AppleWebKit/537.36 (KHTML, like Gecko) Chrome/136.0.0.0 Safari/537.36";https://banco.oruspay.com.br/;;;;0.0;0.0;2025-05-11 23:52:43.012;
570698;user;token;"25682_1";0;true;;User;2557;api/v3/overrides/sessions#create;"10.235.116.44";"Mozilla/5.0 (Windows NT 10.0; Win64; x64) AppleWebKit/537.36 (KHTML, like Gecko) Chrome/136.0.0.0 Safari/537.36";https://banco.oruspay.com.br/;;;;0.0;0.0;2025-05-11 23:52:43.040;
